Workbook

Sheet 1-Summary
A1: Appendix G - Cost Proposal
A2: Vendor: | B2: Speridian Technologies
A3: City of Berkeley, California
A5: Cost Categories | B5: Total Cost | C5: Explanation/Notes (if necessary)
A6: Project Costs
A7: Implementation Fees (Sheet 2) | B7: ='2-Implementation Fees'!B15 -> 2268800
A8: 5 Year Annual Cost Post Go Live (Sheet 3) | B8: =SUM('3-Annual Cost Post Go Live'!B15:F15) -> 1657368.4
A9: Other Fees (Sheet 4)
A11: Total Implementation + 5 Year Costs | B11: =SUM(B7:B9) -> 3926168.4

Sheet 2-Implementation Fees
A1: 2 - Implementation Fees | H1: 2 - Implementation Fees
A2: ='1-Summary'!A2 -> Vendor: | B2: Speridian Technologies | H2: Vendor:
A4: IMPLEMENTATION DELIVERABLE / TASK | B4: PAYMENT AMOUNT | C4: COMMENTS | H4: IMPLEMENTATION DELIVERABLE / TASK | I4: PAYMENT AMOUNT | J4: COMMENTS
A5: PROJECT MANAGEMENT | B5: 266584 | H5: PROJECT MANAGEMENT | I5: $
A6: REQUIREMENTS & DESIGN (Architect Solution) | B6: 136128
A7: DEVELOPMENT (Build, Configure, Integrate, Test) | B7: 930208
A8: INTEGRATION | B8: 272256
A9: DATA MIGRATION | B9: 204192 | H9: DATA MIGRATION
A10: TRAINING | B10: 22688 | H10: TRAINING
A11: SIT | B11: 136128
A12: UAT | B12: 181504
A13: DEPLOYMENT (CUTOVER SUPPORT) | B13: 28360
A14: POST GO LIVE HEALTH CHECK | B14: 90752 | H14: POST GO LIVE HEALTH CHECK
B15: =SUM(B5:B14) -> 2268800 | I15: $ -
A18: OPTIONAL ITEM | H18: OPTIONAL ITEM
A19: DELIVERABLE / TASK # | B19: PAYMENT AMOUNT | C19: COMMENTS | H19: DELIVERABLE / TASK # | I19: PAYMENT AMOUNT | J19: COMMENTS
B20: $ | C20: Projected Dates (from Plan) | I20: $
A21: SOW Signature (10%) | B21: =$B$15*0.1 -> 226880 | C21: 45835
A22: Initiation: Project Kickoff (10%) | B22: =$B$15*0.1 -> 226880 | C22: 45863
A23: Discovery: Completion of Project Plan / Signoff (10%) | B23: =$B$15*0.1 -> 226880 | C23: 46076
A24: Discovery: End of Discovery (BRD, SDD, TDD) / Signoff (10%) | B24: =$B$15*0.1 -> 226880 | C24: 46104
A25: Build: Solution Checkpoint 1 (Demo) Signoff (5%) | B25: =$B$15*0.05 -> 113440 | C25: 46132
A26: Build: Solution Checkpoint 2 (Demo) Signoff (5%) | B26: =$B$15*0.05 -> 113440 | C26: 46160
A27: Build: Solution Checkpoint 3 (Demo) Signoff (5%) | B27: =$B$15*0.05 -> 113440 | C27: 46188
A28: Build: Solution Checkpoint 4 (Demo) Signoff (5%) | B28: =$B$15*0.05 -> 113440 | C28: 46216
A29: Build: Solution Checkpoint 5 (Demo) Signoff (5%) | B29: =$B$15*0.05 -> 113440 | C29: 46244
A30: Build: Solution Checkpoint 6 (Demo) Signoff (5%) | B30: =$B$15*0.05 -> 113440 | C30: 45824
A31: Build: Development Complete - Signoff (5%) | B31: =$B$15*0.05 -> 113440 | C31: 45852
A32: Validate: Completion of SIT (5%) | B32: =$B$15*0.05 -> 113440 | C32: 45317
A33: Validate: Completion of UAT (5%) | B33: =$B$15*0.1 -> 226880 | C33: 45852
A34: Roll-Out: Go-Live (5%) | B34: =$B$15*0.1 -> 226880 | C34: 45317
B36: =SUM(B21:B35) -> 2268800 | I36: $ -

Sheet 3-Annual Cost Post Go Live
A1: 3 - Annual Cost Post Go Live
A2: ='1-Summary'!A2 -> Vendor: | B2: Speridian Technologies
A4: ITEM NAME | B4: YEAR 1 COST | C4: YEAR 2 COST | D4: YEAR 3 COST | E4: YEAR 4 COST | F4: YEAR 5 COST | G4: COMMENTS
A5: Clariti Enterprise - Community Developement | B5: 299941.92 | C5: =B5*1.05 -> 314939.02 | D5: =C5*1.05 -> 330685.97 | E5: =D5*1.05 -> 347220.27 | F5: =E5*1.05 -> 364581.28 | G5: 1. Any purchase order generated on this quote indicates acceptance of all terms and conditions on the Clariti Software Agreement.
A6: - Platform User License - Enhanced (164) | G6: 2. Warranty is provided concurrent to licensing subscription, provided that all Clariti managed packages are kept within 1 year up to date.
A7: - Admin User License - Enhanced (4) | G7: 3. All User Licenses enable the users to use up to 30 custom objects beyond those in Clariti's managed packages, provided they are within the scope of, and for use exclusively with, the Clariti permitting and licensing application.
A8: - Customer Community Logins (6,000/month) | G8: 4. All Community Licenses enable users assigned this license to access up to 10 custom objects beyond those included in Clariti's managed packages.
A9: - Clariti Salesforce Shield (1) | G9: 5. Starting in Year 2, Clariti reserves the right to increase prices up to the greater of 5% or the annual change in the Consumer Price Index statistics published by the United States Bureau of Labor.
A10: - Clariti Sandbox, Full (1) | G10: 6. Clariti Admin User License included at no cost.
A11: - Clariti Knowledge (1)
A12: - Clariti ESRI ArcGIS Integration (1)
A13: - Clariti Bluebeam Integration (1)
A14: - Clariti Payments (1)
A15: Total | B15: =SUM(B5:B14) -> 299941.92 | C15: =SUM(C5:C14) -> 314939.02 | D15: =SUM(D5:D14) -> 330685.97 | E15: =SUM(E5:E14) -> 347220.27 | F15: =SUM(F5:F14) -> 364581.28
A17: OPTIONAL ITEMS
A18: ITEM NAME | B18: YEAR 1 COST | C18: YEAR 2 COST | D18: YEAR 3 COST | E18: YEAR 4 COST | F18: YEAR 5 COST | G18: COMMENTS
A19: Clariti Guide | B19: 25000 | C19: =B19*1.05 -> 26250 | D19: =C19*1.05 -> 27562.5 | E19: =D19*1.05 -> 28940.625 | F19: =E19*1.05 -> 30387.656
A20: Clariti Guide Implementation (one time cost) | B20: 22500
A21: Speridian Managed Services Support | C21: 25000 | D21: 125000 | E21: =D21*1.05 -> 131250 | F21: =E21*1.05 -> 137812.5 | G21: Speridian Managed Services would begin aftet Hypercare warranty support period Post go-live.
A22: Total | B22: =SUM(B19:B21) -> 47500 | C22: =SUM(C19:C21) -> 51250 | D22: =SUM(D19:D21) -> 152562.5 | E22: =SUM(E19:E21) -> 160190.62 | F22: =SUM(F19:F21) -> 168200.16
B25: =SUM(B15:C15)+'2-Implementation Fees'!B36 -> 2883680.9

Sheet 4-Other
A1: 4 - Other Fees
A2: ='1-Summary'!A2 -> Vendor: | B2: ='1-Summary'!B2 -> Speridian Technologies
A4: Description | B4: Cost | C4: Scope Option #2 Cost
A21: Total | B21: =SUM(B6:B20) -> 0 | C21: =SUM(C6:C20) -> 0
